<?xml version="1.0" encoding="UTF-8"?>
<config xmlns="http://www.knime.org/2008/09/XMLConfig" xmlns:xsi="http://www.w3.org/2001/XMLSchema-instance" xsi:schemaLocation="http://www.knime.org/2008/09/XMLConfig http://www.knime.org/XMLConfig_2008_09.xsd" key="MiningSchema">
<config key="learning">
<entry key="array-size" type="xint" value="50"/>
<entry key="0" type="xstring" value="estado"/>
<entry key="1" type="xstring" value="promSecundaria"/>
<entry key="2" type="xstring" value="secPubPriv"/>
<entry key="3" type="xstring" value="cambioCasEsc"/>
<entry key="4" type="xstring" value="tiempoTransp"/>
<entry key="5" type="xstring" value="asistencia"/>
<entry key="6" type="xstring" value="ultimoProm"/>
<entry key="7" type="xstring" value="materiasRepr"/>
<entry key="8" type="xstring" value="beca"/>
<entry key="9" type="xstring" value="amigoDesertor"/>
<entry key="10" type="xstring" value="hermanoDesertor"/>
<entry key="11" type="xstring" value="faltaDinero"/>
<entry key="12" type="xstring" value="turno"/>
<entry key="13" type="xstring" value="bajaReprobar"/>
<entry key="14" type="xstring" value="gustoEstudio"/>
<entry key="15" type="xstring" value="expulsionIndisc"/>
<entry key="16" type="xstring" value="trabajoVSEstudio"/>
<entry key="17" type="xstring" value="dificEntenderMae"/>
<entry key="18" type="xstring" value="lejaniaEscuela"/>
<entry key="19" type="xstring" value="cambioCasa"/>
<entry key="20" type="xstring" value="compaMolest"/>
<entry key="21" type="xstring" value="reglasDiscNoAcuerdo"/>
<entry key="22" type="xstring" value="discriminaVestPens"/>
<entry key="23" type="xstring" value="problPadresParPa"/>
<entry key="24" type="xstring" value="matrimonio"/>
<entry key="25" type="xstring" value="prefEstHermanos"/>
<entry key="26" type="xstring" value="inseguridadEscTrans"/>
<entry key="27" type="xstring" value="muerteEnferCercana"/>
<entry key="28" type="xstring" value="embarazoHijo"/>
<entry key="29" type="xstring" value="disgustoInstalacEs"/>
<entry key="30" type="xstring" value="deseoCambioEscNoReva"/>
<entry key="31" type="xstring" value="estudiarPocoUtil"/>
<entry key="32" type="xstring" value="bajaAutoestima"/>
<entry key="33" type="xstring" value="trabajo"/>
<entry key="34" type="xstring" value="nivelDeseadoEstudio"/>
<entry key="35" type="xstring" value="entretenimientoCasa"/>
<entry key="36" type="xstring" value="serviciosCasa"/>
<entry key="37" type="xstring" value="electrodomCasa"/>
<entry key="38" type="xstring" value="computadoraCasa"/>
<entry key="39" type="xstring" value="internetCasa"/>
<entry key="40" type="xstring" value="consTabaco"/>
<entry key="41" type="xstring" value="consAlcohol"/>
<entry key="42" type="xstring" value="consDroga"/>
<entry key="43" type="xstring" value="sexo"/>
<entry key="44" type="xstring" value="edad"/>
<entry key="45" type="xstring" value="estadoCivil"/>
<entry key="46" type="xstring" value="hijos"/>
<entry key="47" type="xstring" value="empleoActual"/>
<entry key="48" type="xstring" value="habitantesPorCasa"/>
<entry key="49" type="xstring" value="ingresos"/>
</config>
<config key="target">
<entry key="array-size" type="xint" value="1"/>
<entry key="0" type="xstring" value="desercion"/>
</config>
</config>
